seksenbes_jpg.rf.00251c38e1ab357b0eaff533afcc0456.jpg,110,95,123,105,stone
seksenbes_jpg.rf.00251c38e1ab357b0eaff533afcc0456.jpg,119,117,132,127,stone
seksenbes_jpg.rf.00251c38e1ab357b0eaff533afcc0456.jpg,135,96,147,105,stone
seksenbes_jpg.rf.00251c38e1ab357b0eaff533afcc0456.jpg,120,107,141,117,stone
seksenbes_jpg.rf.00251c38e1ab357b0eaff533afcc0456.jpg,122,46,237,369,dj_cateter
oniki_jpg.rf.0d1e432c620d0994b4c17e8a447eb9f4.jpg,95,62,247,354,dj_cateter
oniki_jpg.rf.0d1e432c620d0994b4c17e8a447eb9f4.jpg,259,56,279,71,stone
oniki_jpg.rf.0d1e432c620d0994b4c17e8a447eb9f4.jpg,257,71,275,87,stone
otuzyedi_jpg.rf.0e3a3f9d3a1959a67194e76b1527b0c5.jpg,172,66,289,371,dj_cateter
yetmisyedi_jpg.rf.1c77ac0aa5e26fbf9a00c4e36bda6511.jpg,207,29,303,380,dj_cateter
alti_jpg.rf.0eb5de5883e75b8d8d14f5e07aa60b4d.jpg,146,98,294,335,dj_cateter
alti_jpg.rf.0eb5de5883e75b8d8d14f5e07aa60b4d.jpg,55,89,74,101,stone
alti_jpg.rf.0eb5de5883e75b8d8d14f5e07aa60b4d.jpg,64,105,82,113,stone
alti_jpg.rf.0eb5de5883e75b8d8d14f5e07aa60b4d.jpg,74,119,99,132,stone
alti_jpg.rf.0eb5de5883e75b8d8d14f5e07aa60b4d.jpg,80,96,97,109,stone
alti_jpg.rf.0eb5de5883e75b8d8d14f5e07aa60b4d.jpg,295,72,353,132,stone
yetmis_jpg.rf.0f2879695cef4031e875df08c607fc39.jpg,235,84,306,413,dj_cateter
onsekiz_jpg.rf.17acf01edb428ef6306ea81538cd9241.jpg,300,80,325,94,stone
onsekiz_jpg.rf.17acf01edb428ef6306ea81538cd9241.jpg,304,50,321,67,stone
yirmisekiz_jpg.rf.1d0d0bc81bae2df41e63d65c0d039f57.jpg,217,44,325,338,dj_cateter
ellibes_jpg.rf.2c31efa8c0ea78d4be1857cbd179da3d.jpg,139,63,263,370,dj_cateter

kirk_jpg.rf.362a8d965a9a720a129eff867a9c6cc9.jpg,83,83,251,375,dj_cateter
ellidokuz_jpg.rf.3af526dd6b2ddf2eb254833369f28037.jpg,238,182,252,194,stone
ellidokuz_jpg.rf.3af526dd6b2ddf2eb254833369f28037.jpg,262,192,275,205,stone
ellidokuz_jpg.rf.3af526dd6b2ddf2eb254833369f28037.jpg,248,205,266,211,stone

yirmibes_jpg.rf.466916f979d2167963e2ce9e8fa56d2b.jpg,77,91,233,388,dj_cateter
otuzbes_jpg.rf.48a3b47a778ff87514c1db5d38cf8bf1.jpg,194,314,213,327,stone
otuzbes_jpg.rf.48a3b47a778ff87514c1db5d38cf8bf1.jpg,107,301,115,310,stone
otuzuc_jpg.rf.4bfa93806381c3ceaab3cf9aad93bdce.jpg,103,73,223,372,dj_cateter
otuzuc_jpg.rf.4bfa93806381c3ceaab3cf9aad93bdce.jpg,194,77,317,377,dj_cateter
yetmisdokuz_jpg.rf.327bb993b0e819dd6349a840a0428d27.jpg,135,62,209,349,dj_cateter
yetmisdokuz_jpg.rf.327bb993b0e819dd6349a840a0428d27.jpg,199,72,357,348,dj_cateter
elli_jpg.rf.3d7dd4c12a3b0062660379e1d935c102.jpg,314,58,337,74,stone
elli_jpg.rf.3d7dd4c12a3b0062660379e1d935c102.jpg,293,75,308,86,stone
elli_jpg.rf.3d7dd4c12a3b0062660379e1d935c102.jpg,298,91,314,101,stone
sekseniki_jpg.rf.4e18ed53843b557ab9d1fe688fc59400.jpg,150,355,160,365,stone
sekseniki_jpg.rf.4e18ed53843b557ab9d1fe688fc59400.jpg,161,383,176,392,stone
sekseniki_jpg.rf.4e18ed53843b557ab9d1fe688fc59400.jpg,149,369,167,380,stone
altmis_jpg.rf.538ab6a1a65339d90d21b1a80c8d808f.jpg,207,208,275,391,dj_cateter
onalti_jpg.rf.550b92eb98c9c1b392fedc5ed8585c7e.jpg,142,109,241,362,dj_cateter

altmissekiz_jpg.rf.5a59b3d7e80b753ea45db1cfd6eec9dd.jpg,243,126,303,182,stone
altmisbir_jpg.rf.5c6c512c941821e30ba76083604838d6.jpg,172,86,269,385,dj_cateter
yirmiyedi_jpg.rf.6dd91450103ca48750ea549da785ac29.jpg,97,78,232,386,dj_cateter
yirmiyedi_jpg.rf.6dd91450103ca48750ea549da785ac29.jpg,271,73,308,107,stone
yirmiyedi_jpg.rf.6dd91450103ca48750ea549da785ac29.jpg,309,110,331,124,stone
yirmiyedi_jpg.rf.6dd91450103ca48750ea549da785ac29.jpg,276,148,310,170,stone
yirmiyedi_jpg.rf.6dd91450103ca48750ea549da785ac29.jpg,313,158,328,169,stone
seksendort_jpg.rf.63572de562389f16ee4a3de5606f9cb0.jpg,82,92,101,111,stone
seksendort_jpg.rf.63572de562389f16ee4a3de5606f9cb0.jpg,85,33,230,372,dj_cateter

bes_jpg.rf.6d5c846e5ba33c344a57b57ee31d99b7.jpg,196,0,290,320,dj_cateter
bes_jpg.rf.6d5c846e5ba33c344a57b57ee31d99b7.jpg,67,87,81,97,stone
bes_jpg.rf.6d5c846e5ba33c344a57b57ee31d99b7.jpg,32,35,47,44,stone
kirkalti_jpg.rf.826a06e4b32f84e2a96f8c88ce926943.jpg,125,38,204,397,dj_cateter

seksenbir_jpg.rf.74a65f84bed39643c6f401c2adb75b4e.jpg,140,88,272,394,dj_cateter
seksenbir_jpg.rf.74a65f84bed39643c6f401c2adb75b4e.jpg,108,341,119,352,stone
seksenbir_jpg.rf.74a65f84bed39643c6f401c2adb75b4e.jpg,112,359,131,369,stone
seksenbir_jpg.rf.74a65f84bed39643c6f401c2adb75b4e.jpg,122,372,139,383,stone

seksen_jpg.rf.617da6d19306c42ea8724f547fda7fd3.jpg,102,58,189,338,dj_cateter
seksen_jpg.rf.617da6d19306c42ea8724f547fda7fd3.jpg,204,58,326,339,dj_cateter
yetmisuc_jpg.rf.8adcec40d532b209236790599b35f9cf.jpg,100,112,213,394,dj_cateter
otuziki_jpg.rf.90d02fc28cee078c12c2d9a6be14722f.jpg,102,72,251,380,dj_cateter
yetmisbir_jpg.rf.946c260e27be34c6d68d59246ee54907.jpg,132,116,144,125,stone
yetmisalti_jpg.rf.93920881b49e340e633a0d4df12bd6ef.jpg,328,95,349,109,stone
yetmisalti_jpg.rf.93920881b49e340e633a0d4df12bd6ef.jpg,273,346,285,354,stone
yetmisalti_jpg.rf.93920881b49e340e633a0d4df12bd6ef.jpg,299,99,309,109,stone
ondort_jpg.rf.9af2b89b2869b38ad8a45587f077cf39.jpg,184,210,248,408,dj_cateter
altmisyedi_jpg.rf.9e582ca8b37eafc02d5ce0e1af98af90.jpg,197,103,270,382,dj_cateter
altmisyedi_jpg.rf.9e582ca8b37eafc02d5ce0e1af98af90.jpg,276,124,287,134,stone
yetmisdort_jpg.rf.b436b07bbee31aee6de1099a7c330a11.jpg,269,113,277,120,stone
yetmisdort_jpg.rf.b436b07bbee31aee6de1099a7c330a11.jpg,278,135,291,146,stone
yetmisdort_jpg.rf.b436b07bbee31aee6de1099a7c330a11.jpg,277,156,291,168,stone
yirmidokuz_jpg.rf.a429a43b2980b1c952fff9afe7b5b6dc.jpg,65,145,94,178,stone
yirmidokuz_jpg.rf.a429a43b2980b1c952fff9afe7b5b6dc.jpg,89,181,140,214,stone
yedi_jpg.rf.c22a5c17b543801aa2abca3535a65c4d.jpg,68,40,199,379,dj_cateter
kirkbes_jpg.rf.9df0e5c3d0263451fe0729161c68c4e6.jpg,119,28,226,374,dj_cateter
uc_jpg.rf.bb23e3a328793fea194c8dae6b0c22c9.jpg,164,143,179,153,stone
seksenalti_jpg.rf.c80b8c28fa01b308fdf3658dfedda72f.jpg,72,99,84,108,stone
seksenalti_jpg.rf.c80b8c28fa01b308fdf3658dfedda72f.jpg,79,121,90,128,stone
seksenalti_jpg.rf.c80b8c28fa01b308fdf3658dfedda72f.jpg,94,97,108,116,stone
ellibir_jpg.rf.c6d16677f496301a2adb454a41cb4f0f.jpg,200,47,330,416,dj_cateter
altmisuc_jpg.rf.c7aa3a33122cc7ae533e7cc11cd0076a.jpg,137,57,223,346,dj_cateter
altmisuc_jpg.rf.c7aa3a33122cc7ae533e7cc11cd0076a.jpg,223,41,327,342,dj_cateter


altmisiki_jpg.rf.cde44baa029b085ec6711d62943adb8a.jpg,175,147,193,160,stone
otuzdort_jpg.rf.d174b119ed5a73887a339f76ce91aa93.jpg,153,36,310,370,dj_cateter
otuzdort_jpg.rf.d174b119ed5a73887a339f76ce91aa93.jpg,113,319,128,328,stone
kirkiki_jpg.rf.e0e6f5bf76454588d2eb3ba931d42ff8.jpg,280,28,300,39,stone
otuzdokuz_jpg.rf.d1e2013d52b5787f32ab6de830edaed6.jpg,111,85,263,396,dj_cateter
otuzdokuz_jpg.rf.d1e2013d52b5787f32ab6de830edaed6.jpg,87,111,107,127,stone
ellialti_jpg.rf.dbd23652b21be1f93ea44d92db835114.jpg,173,314,187,328,stone
kirkbir_jpg.rf.de4428bb3d3b0a8a2a7629efe570d93b.jpg,214,58,284,372,dj_cateter
kirkbir_jpg.rf.de4428bb3d3b0a8a2a7629efe570d93b.jpg,76,204,90,212,stone
yetmisiki_jpg.rf.dee4a736d67d027391bcc23a1a6e2401.jpg,230,132,244,141,stone
yirmialti_jpg.rf.db48c3aaf76252377b6936be412d3af8.jpg,275,103,293,115,stone
yirmialti_jpg.rf.db48c3aaf76252377b6936be412d3af8.jpg,277,67,308,84,stone
yirmialti_jpg.rf.db48c3aaf76252377b6936be412d3af8.jpg,307,88,327,101,stone
yirmialti_jpg.rf.db48c3aaf76252377b6936be412d3af8.jpg,290,112,302,123,stone
yirmialti_jpg.rf.db48c3aaf76252377b6936be412d3af8.jpg,301,119,319,132,stone
kirksekiz_jpg.rf.ddd75a2477eadc6e57007ba07d714b7b.jpg,210,65,353,382,dj_cateter

otuz_jpg.rf.e76a9984c2440dac333743cd5c4abe56.jpg,114,33,216,376,dj_cateter
otuz_jpg.rf.e76a9984c2440dac333743cd5c4abe56.jpg,243,14,309,369,dj_cateter
ellisekiz_jpg.rf.ff050b71035c3adc03c8d2907f824254.jpg,105,86,121,97,stone
yetmisbes_jpg.rf.fa1c6c3101cd7014f433004121ea2fbf.jpg,178,19,337,322,dj_cateter
seksenuc_jpg.rf.f63c306a7b4cb13e8ad5e44d7791304c.jpg,89,72,196,396,dj_cateter
kirkdort_jpg.rf.f932ff4248d4d5b16be19c2b0b3c8535.jpg,92,34,243,387,dj_cateter
onbes_jpg.rf.fb0592a93b928dfe250b9422ffda6cfb.jpg,197,149,287,316,dj_cateter
ondokuz_jpg.rf.ffc4db118ed1d410cab0402a1e62a369.jpg,284,121,306,142,stone

altmisbes_jpg.rf.4c21108373ff4fc98048ffd881c56d9b.jpg,182,306,197,318,stone
altmisbes_jpg.rf.4c21108373ff4fc98048ffd881c56d9b.jpg,137,146,148,156,stone
ellidort_jpg.rf.66ef03ca6e53392a0e61dd2a8b39a6bc.jpg,316,142,337,168,stone
ellidort_jpg.rf.66ef03ca6e53392a0e61dd2a8b39a6bc.jpg,124,141,146,163,stone
ellidort_jpg.rf.66ef03ca6e53392a0e61dd2a8b39a6bc.jpg,129,115,147,127,stone
yirmidort_jpg.rf.6de8c41e0eec56b4d61df97f6a122b4e.jpg,172,46,324,362,dj_cateter

otuzbir_jpg.rf.32ca19a79953f2f75718495d713b0fe6.jpg,245,344,264,358,stone
otuzbir_jpg.rf.32ca19a79953f2f75718495d713b0fe6.jpg,154,354,166,364,stone
otuzbir_jpg.rf.32ca19a79953f2f75718495d713b0fe6.jpg,235,363,244,370,stone
onuc_jpg.rf.7201bca70a909e0d6a8d47f5f696511f.jpg,238,142,255,158,stone
onuc_jpg.rf.7201bca70a909e0d6a8d47f5f696511f.jpg,184,137,269,300,dj_cateter
yirmibir_jpg.rf.7433a479902f9889d100dd9626fd4057.jpg,101,193,123,204,stone
yirmibir_jpg.rf.7433a479902f9889d100dd9626fd4057.jpg,318,210,337,225,stone
yirmibir_jpg.rf.7433a479902f9889d100dd9626fd4057.jpg,274,191,285,201,stone
yetmissekiz_jpg.rf.872a7d901623ffe004e0378731fce5a8.jpg,143,80,155,92,stone
yetmissekiz_jpg.rf.872a7d901623ffe004e0378731fce5a8.jpg,151,44,175,63,stone
yetmissekiz_jpg.rf.872a7d901623ffe004e0378731fce5a8.jpg,129,50,147,68,stone
yirmiiki_jpg.rf.a377806dcf3c87847053259879392b2a.jpg,207,366,219,378,stone
altmisalti_jpg.rf.b904de5ac2b25f9f7d0625fbdf32a4b1.jpg,195,238,208,247,stone
altmisalti_jpg.rf.b904de5ac2b25f9f7d0625fbdf32a4b1.jpg,195,247,204,254,stone

otuzalti_jpg.rf.75317386c5921da283cfe246256aab3a.jpg,202,34,334,347,dj_cateter
seksenyedi_jpg.rf.9e0793411be9dc05005bd8f0d94c6741.jpg,214,68,364,375,dj_cateter
kirkyedi_jpg.rf.faf74dd8a42f503144b13d026e194dca.jpg,200,303,208,315,stone
onbir_jpg.rf.cc43928079e74ad01dd87258924827ac.jpg,89,61,263,341,dj_cateter
yirmiuc_jpg.rf.ea9064d69b16b1f0f0f8e1b35b87e7e5.jpg,211,44,347,373,dj_cateter
yirmi_jpg.rf.fe64929b39738f0aabb43f895cc4c9a8.jpg,210,30,335,323,dj_cateter